Workbook

Sheet RB_advTD
A1: Year | B1: Player (TM) | C1: Player | D1: TM | E1: In5ATT | F1: In5RushTD | G1: In5Rush% | H1: RusTD% | I1: xRusTD% | J1: In5REC | K1: In5TG | L1: In5RecTD | M1: RecTD% | N1: xRecTD%
A2: 2025 | B2: James Cook III (BUF) | C2: =TRIM(LEFT(B2, LEN(B2) - LEN(TRIM(RIGHT(SUBSTITUTE(TRIM(B2)," ",REPT(" ",100)),100))))) -> James Cook III | D2: =MID(B2, FIND("(", B2) + 1, FIND(")", B2) - FIND("(", B2) - 1) -> BUF | E2: {=IFERROR(_xlfn.XLOOKUP(C2&A2, Inside5!B:B&Inside5!I:I, Inside5!C:C), 0)} -> 16 | F2: {=IFERROR(_xlfn.XLOOKUP(C2&A2, Inside5!B:B&Inside5!I:I, Inside5!D:D), 0)} -> 6 | G2: {=IFERROR(_xlfn.XLOOKUP(C2&A2, Inside5!B:B&Inside5!I:I, Inside5!E:E), 0)} -> 0.762 | H2: {=IFERROR(_xlfn.XLOOKUP(C2&A2, TDrate!F:F&TDrate!H:H, TDrate!C:C), "N/A")} -> 0.0388 | I2: {=IFERROR(_xlfn.XLOOKUP(C2&A2, TDrate!F:F&TDrate!H:H, TDrate!E:E), "N/A")} -> 0.0349 | J2: {=IFERROR(_xlfn.XLOOKUP(C2&A2, Inside5!B:B&Inside5!I:I, Inside5!F:F), 0)} -> 1 | K2: {=IFERROR(_xlfn.XLOOKUP(C2&A2, Inside5!B:B&Inside5!I:I, Inside5!G:G), 0)} -> 1 | L2: {=IFERROR(_xlfn.XLOOKUP(C2&A2, Inside5!B:B&Inside5!I:I, Inside5!H:H), 0)} -> 1 | M2: {=IFERROR(_xlfn.XLOOKUP(C2&A2, TDrate!F:F&TDrate!H:H, TDrate!B:B), "N/A")} -> 0.05 | N2: {=IFERROR(_xlfn.XLOOKUP(C2&A2, TDrate!F:F&TDrate!H:H, TDrate!D:D), "N/A")} -> 0.0367
A3: 2025 | B3: Derrick Henry (BAL) | C3: =TRIM(LEFT(B3, LEN(B3) - LEN(TRIM(RIGHT(SUBSTITUTE(TRIM(B3)," ",REPT(" ",100)),100))))) -> Derrick Henry | D3: =MID(B3, FIND("(", B3) + 1, FIND(")", B3) - FIND("(", B3) - 1) -> BAL | E3: {=IFERROR(_xlfn.XLOOKUP(C3&A3, Inside5!B:B&Inside5!I:I, Inside5!C:C), 0)} -> 27 | F3: {=IFERROR(_xlfn.XLOOKUP(C3&A3, Inside5!B:B&Inside5!I:I, Inside5!D:D), 0)} -> 10 | G3: {=IFERROR(_xlfn.XLOOKUP(C3&A3, Inside5!B:B&Inside5!I:I, Inside5!E:E), 0)} -> 0.964 | H3: {=IFERROR(_xlfn.XLOOKUP(C3&A3, TDrate!F:F&TDrate!H:H, TDrate!C:C), "N/A")} -> 0.0521 | I3: {=IFERROR(_xlfn.XLOOKUP(C3&A3, TDrate!F:F&TDrate!H:H, TDrate!E:E), "N/A")} -> 0.0486 | J3: {=IFERROR(_xlfn.XLOOKUP(C3&A3, Inside5!B:B&Inside5!I:I, Inside5!F:F), 0)} -> 0 | K3: {=IFERROR(_xlfn.XLOOKUP(C3&A3, Inside5!B:B&Inside5!I:I, Inside5!G:G), 0)} -> 0 | L3: {=IFERROR(_xlfn.XLOOKUP(C3&A3, Inside5!B:B&Inside5!I:I, Inside5!H:H), 0)} -> 0 | M3: {=IFERROR(_xlfn.XLOOKUP(C3&A3, TDrate!F:F&TDrate!H:H, TDrate!B:B), "N/A")} -> 0 | N3: {=IFERROR(_xlfn.XLOOKUP(C3&A3, TDrate!F:F&TDrate!H:H, TDrate!D:D), "N/A")} -> 0.0091
A4: 2025 | B4: Jonathan Taylor (IND) | C4: =TRIM(LEFT(B4, LEN(B4) - LEN(TRIM(RIGHT(SUBSTITUTE(TRIM(B4)," ",REPT(" ",100)),100))))) -> Jonathan Taylor | D4: =MID(B4, FIND("(", B4) + 1, FIND(")", B4) - FIND("(", B4) - 1) -> IND | E4: {=IFERROR(_xlfn.XLOOKUP(C4&A4, Inside5!B:B&Inside5!I:I, Inside5!C:C), 0)} -> 22 | F4: {=IFERROR(_xlfn.XLOOKUP(C4&A4, Inside5!B:B&Inside5!I:I, Inside5!D:D), 0)} -> 9 | G4: {=IFERROR(_xlfn.XLOOKUP(C4&A4, Inside5!B:B&Inside5!I:I, Inside5!E:E), 0)} -> 0.917 | H4: {=IFERROR(_xlfn.XLOOKUP(C4&A4, TDrate!F:F&TDrate!H:H, TDrate!C:C), "N/A")} -> 0.0557 | I4: {=IFERROR(_xlfn.XLOOKUP(C4&A4, TDrate!F:F&TDrate!H:H, TDrate!E:E), "N/A")} -> 0.048 | J4: {=IFERROR(_xlfn.XLOOKUP(C4&A4, Inside5!B:B&Inside5!I:I, Inside5!F:F), 0)} -> 0 | K4: {=IFERROR(_xlfn.XLOOKUP(C4&A4, Inside5!B:B&Inside5!I:I, Inside5!G:G), 0)} -> 0 | L4: {=IFERROR(_xlfn.XLOOKUP(C4&A4, Inside5!B:B&Inside5!I:I, Inside5!H:H), 0)} -> 0 | M4: {=IFERROR(_xlfn.XLOOKUP(C4&A4, TDrate!F:F&TDrate!H:H, TDrate!B:B), "N/A")} -> 0.0364 | N4: {=IFERROR(_xlfn.XLOOKUP(C4&A4, TDrate!F:F&TDrate!H:H, TDrate!D:D), "N/A")} -> 0.0267
A5: 2025 | B5: Bijan Robinson (ATL) | C5: =TRIM(LEFT(B5, LEN(B5) - LEN(TRIM(RIGHT(SUBSTITUTE(TRIM(B5)," ",REPT(" ",100)),100))))) -> Bijan Robinson | D5: =MID(B5, FIND("(", B5) + 1, FIND(")", B5) - FIND("(", B5) - 1) -> ATL | E5: {=IFERROR(_xlfn.XLOOKUP(C5&A5, Inside5!B:B&Inside5!I:I, Inside5!C:C), 0)} -> 10 | F5: {=IFERROR(_xlfn.XLOOKUP(C5&A5, Inside5!B:B&Inside5!I:I, Inside5!D:D), 0)} -> 3 | G5: {=IFERROR(_xlfn.XLOOKUP(C5&A5, Inside5!B:B&Inside5!I:I, Inside5!E:E), 0)} -> 0.5 | H5: {=IFERROR(_xlfn.XLOOKUP(C5&A5, TDrate!F:F&TDrate!H:H, TDrate!C:C), "N/A")} -> 0.0244 | I5: {=IFERROR(_xlfn.XLOOKUP(C5&A5, TDrate!F:F&TDrate!H:H, TDrate!E:E), "N/A")} -> 0.0234 | J5: {=IFERROR(_xlfn.XLOOKUP(C5&A5, Inside5!B:B&Inside5!I:I, Inside5!F:F), 0)} -> 1 | K5: {=IFERROR(_xlfn.XLOOKUP(C5&A5, Inside5!B:B&Inside5!I:I, Inside5!G:G), 0)} -> 1 | L5: {=IFERROR(_xlfn.XLOOKUP(C5&A5, Inside5!B:B&Inside5!I:I, Inside5!H:H), 0)} -> 1 | M5: {=IFERROR(_xlfn.XLOOKUP(C5&A5, TDrate!F:F&TDrate!H:H, TDrate!B:B), "N/A")} -> 0.0388 | N5: {=IFERROR(_xlfn.XLOOKUP(C5&A5, TDrate!F:F&TDrate!H:H, TDrate!D:D), "N/A")} -> 0.0335
A6: 2025 | B6: De'Von Achane (MIA) | C6: =TRIM(LEFT(B6, LEN(B6) - LEN(TRIM(RIGHT(SUBSTITUTE(TRIM(B6)," ",REPT(" ",100)),100))))) -> De'Von Achane | D6: =MID(B6, FIND("(", B6) + 1, FIND(")", B6) - FIND("(", B6) - 1) -> MIA | E6: {=IFERROR(_xlfn.XLOOKUP(C6&A6, Inside5!B:B&Inside5!I:I, Inside5!C:C), 0)} -> 5 | F6: {=IFERROR(_xlfn.XLOOKUP(C6&A6, Inside5!B:B&Inside5!I:I, Inside5!D:D), 0)} -> 1 | G6: {=IFERROR(_xlfn.XLOOKUP(C6&A6, Inside5!B:B&Inside5!I:I, Inside5!E:E), 0)} -> 0.417 | H6: {=IFERROR(_xlfn.XLOOKUP(C6&A6, TDrate!F:F&TDrate!H:H, TDrate!C:C), "N/A")} -> 0.0336 | I6: {=IFERROR(_xlfn.XLOOKUP(C6&A6, TDrate!F:F&TDrate!H:H, TDrate!E:E), "N/A")} -> 0.0259 | J6: {=IFERROR(_xlfn.XLOOKUP(C6&A6, Inside5!B:B&Inside5!I:I, Inside5!F:F), 0)} -> 1 | K6: {=IFERROR(_xlfn.XLOOKUP(C6&A6, Inside5!B:B&Inside5!I:I, Inside5!G:G), 0)} -> 1 | L6: {=IFERROR(_xlfn.XLOOKUP(C6&A6, Inside5!B:B&Inside5!I:I, Inside5!H:H), 0)} -> 1 | M6: {=IFERROR(_xlfn.XLOOKUP(C6&A6, TDrate!F:F&TDrate!H:H, TDrate!B:B), "N/A")} -> 0.0471 | N6: {=IFERROR(_xlfn.XLOOKUP(C6&A6, TDrate!F:F&TDrate!H:H, TDrate!D:D), "N/A")} -> 0.0399
A7: 2025 | B7: Kyren Williams (LAR) | C7: =TRIM(LEFT(B7, LEN(B7) - LEN(TRIM(RIGHT(SUBSTITUTE(TRIM(B7)," ",REPT(" ",100)),100))))) -> Kyren Williams | D7: =MID(B7, FIND("(", B7) + 1, FIND(")", B7) - FIND("(", B7) - 1) -> LAR | E7: {=IFERROR(_xlfn.XLOOKUP(C7&A7, Inside5!B:B&Inside5!I:I, Inside5!C:C), 0)} -> 17 | F7: {=IFERROR(_xlfn.XLOOKUP(C7&A7, Inside5!B:B&Inside5!I:I, Inside5!D:D), 0)} -> 8 | G7: {=IFERROR(_xlfn.XLOOKUP(C7&A7, Inside5!B:B&Inside5!I:I, Inside5!E:E), 0)} -> 0.586 | H7: {=IFERROR(_xlfn.XLOOKUP(C7&A7, TDrate!F:F&TDrate!H:H, TDrate!C:C), "N/A")} -> 0.0386 | I7: {=IFERROR(_xlfn.XLOOKUP(C7&A7, TDrate!F:F&TDrate!H:H, TDrate!E:E), "N/A")} -> 0.0387 | J7: {=IFERROR(_xlfn.XLOOKUP(C7&A7, Inside5!B:B&Inside5!I:I, Inside5!F:F), 0)} -> 0 | K7: {=IFERROR(_xlfn.XLOOKUP(C7&A7, Inside5!B:B&Inside5!I:I, Inside5!G:G), 0)} -> 0 | L7: {=IFERROR(_xlfn.XLOOKUP(C7&A7, Inside5!B:B&Inside5!I:I, Inside5!H:H), 0)} -> 0 | M7: {=IFERROR(_xlfn.XLOOKUP(C7&A7, TDrate!F:F&TDrate!H:H, TDrate!B:B), "N/A")} -> 0.06 | N7: {=IFERROR(_xlfn.XLOOKUP(C7&A7, TDrate!F:F&TDrate!H:H, TDrate!D:D), "N/A")} -> 0.0481
A8: 2025 | B8: Jahmyr Gibbs (DET) | C8: =TRIM(LEFT(B8, LEN(B8) - LEN(TRIM(RIGHT(SUBSTITUTE(TRIM(B8)," ",REPT(" ",100)),100))))) -> Jahmyr Gibbs | D8: =MID(B8, FIND("(", B8) + 1, FIND(")", B8) - FIND("(", B8) - 1) -> DET | E8: {=IFERROR(_xlfn.XLOOKUP(C8&A8, Inside5!B:B&Inside5!I:I, Inside5!C:C), 0)} -> 10 | F8: {=IFERROR(_xlfn.XLOOKUP(C8&A8, Inside5!B:B&Inside5!I:I, Inside5!D:D), 0)} -> 4 | G8: {=IFERROR(_xlfn.XLOOKUP(C8&A8, Inside5!B:B&Inside5!I:I, Inside5!E:E), 0)} -> 0.385 | H8: {=IFERROR(_xlfn.XLOOKUP(C8&A8, TDrate!F:F&TDrate!H:H, TDrate!C:C), "N/A")} -> 0.0535 | I8: {=IFERROR(_xlfn.XLOOKUP(C8&A8, TDrate!F:F&TDrate!H:H, TDrate!E:E), "N/A")} -> 0.0416 | J8: {=IFERROR(_xlfn.XLOOKUP(C8&A8, Inside5!B:B&Inside5!I:I, Inside5!F:F), 0)} -> 2 | K8: {=IFERROR(_xlfn.XLOOKUP(C8&A8, Inside5!B:B&Inside5!I:I, Inside5!G:G), 0)} -> 2 | L8: {=IFERROR(_xlfn.XLOOKUP(C8&A8, Inside5!B:B&Inside5!I:I, Inside5!H:H), 0)} -> 2 | M8: {=IFERROR(_xlfn.XLOOKUP(C8&A8, TDrate!F:F&TDrate!H:H, TDrate!B:B), "N/A")} -> 0.0532 | N8: {=IFERROR(_xlfn.XLOOKUP(C8&A8, TDrate!F:F&TDrate!H:H, TDrate!D:D), "N/A")} -> 0.0434
A9: 2025 | B9: Christian McCaffrey (SF) | C9: =TRIM(LEFT(B9, LEN(B9) - LEN(TRIM(RIGHT(SUBSTITUTE(TRIM(B9)," ",REPT(" ",100)),100))))) -> Christian McCaffrey | D9: =MID(B9, FIND("(", B9) + 1, FIND(")", B9) - FIND("(", B9) - 1) -> SF | E9: {=IFERROR(_xlfn.XLOOKUP(C9&A9, Inside5!B:B&Inside5!I:I, Inside5!C:C), 0)} -> 20 | F9: {=IFERROR(_xlfn.XLOOKUP(C9&A9, Inside5!B:B&Inside5!I:I, Inside5!D:D), 0)} -> 9 | G9: {=IFERROR(_xlfn.XLOOKUP(C9&A9, Inside5!B:B&Inside5!I:I, Inside5!E:E), 0)} -> 0.87 | H9: {=IFERROR(_xlfn.XLOOKUP(C9&A9, TDrate!F:F&TDrate!H:H, TDrate!C:C), "N/A")} -> 0.0322 | I9: {=IFERROR(_xlfn.XLOOKUP(C9&A9, TDrate!F:F&TDrate!H:H, TDrate!E:E), "N/A")} -> 0.0356 | J9: {=IFERROR(_xlfn.XLOOKUP(C9&A9, Inside5!B:B&Inside5!I:I, Inside5!F:F), 0)} -> 3 | K9: {=IFERROR(_xlfn.XLOOKUP(C9&A9, Inside5!B:B&Inside5!I:I, Inside5!G:G), 0)} -> 4 | L9: {=IFERROR(_xlfn.XLOOKUP(C9&A9, Inside5!B:B&Inside5!I:I, Inside5!H:H), 0)} -> 3 | M9: {=IFERROR(_xlfn.XLOOKUP(C9&A9, TDrate!F:F&TDrate!H:H, TDrate!B:B), "N/A")} -> 0.0543 | N9: {=IFERROR(_xlfn.XLOOKUP(C9&A9, TDrate!F:F&TDrate!H:H, TDrate!D:D), "N/A")} -> 0.0521
A10: 2025 | B10: Javonte Williams (DAL) | C10: =TRIM(LEFT(B10, LEN(B10) - LEN(TRIM(RIGHT(SUBSTITUTE(TRIM(B10)," ",REPT(" ",100)),100))))) -> Javonte Williams | D10: =MID(B10, FIND("(", B10) + 1, FIND(")", B10) - FIND("(", B10) - 1) -> DAL | E10: {=IFERROR(_xlfn.XLOOKUP(C10&A10, Inside5!B:B&Inside5!I:I, Inside5!C:C), 0)} -> 20 | F10: {=IFERROR(_xlfn.XLOOKUP(C10&A10, Inside5!B:B&Inside5!I:I, Inside5!D:D), 0)} -> 10 | G10: {=IFERROR(_xlfn.XLOOKUP(C10&A10, Inside5!B:B&Inside5!I:I, Inside5!E:E), 0)} -> 0.87 | H10: {=IFERROR(_xlfn.XLOOKUP(C10&A10, TDrate!F:F&TDrate!H:H, TDrate!C:C), "N/A")} -> 0.0437 | I10: {=IFERROR(_xlfn.XLOOKUP(C10&A10, TDrate!F:F&TDrate!H:H, TDrate!E:E), "N/A")} -> 0.0426 | J10: {=IFERROR(_xlfn.XLOOKUP(C10&A10, Inside5!B:B&Inside5!I:I, Inside5!F:F), 0)} -> 3 | K10: {=IFERROR(_xlfn.XLOOKUP(C10&A10, Inside5!B:B&Inside5!I:I, Inside5!G:G), 0)} -> 4 | L10: {=IFERROR(_xlfn.XLOOKUP(C10&A10, Inside5!B:B&Inside5!I:I, Inside5!H:H), 0)} -> 2 | M10: {=IFERROR(_xlfn.XLOOKUP(C10&A10, TDrate!F:F&TDrate!H:H, TDrate!B:B), "N/A")} -> 0.0392 | N10: {=IFERROR(_xlfn.XLOOKUP(C10&A10, TDrate!F:F&TDrate!H:H, TDrate!D:D), "N/A")} -> 0.0521
A11: 2025 | B11: Saquon Barkley (PHI) | C11: =TRIM(LEFT(B11, LEN(B11) - LEN(TRIM(RIGHT(SUBSTITUTE(TRIM(B11)," ",REPT(" ",100)),100))))) -> Saquon Barkley | D11: =MID(B11, FIND("(", B11) + 1, FIND(")", B11) - FIND("(", B11) - 1) -> PHI | E11: {=IFERROR(_xlfn.XLOOKUP(C11&A11, Inside5!B:B&Inside5!I:I, Inside5!C:C), 0)} -> 14 | F11: {=IFERROR(_xlfn.XLOOKUP(C11&A11, Inside5!B:B&Inside5!I:I, Inside5!D:D), 0)} -> 1 | G11: {=IFERROR(_xlfn.XLOOKUP(C11&A11, Inside5!B:B&Inside5!I:I, Inside5!E:E), 0)} -> 0.778 | H11: {=IFERROR(_xlfn.XLOOKUP(C11&A11, TDrate!F:F&TDrate!H:H, TDrate!C:C), "N/A")} -> 0.025 | I11: {=IFERROR(_xlfn.XLOOKUP(C11&A11, TDrate!F:F&TDrate!H:H, TDrate!E:E), "N/A")} -> 0.0271 | J11: {=IFERROR(_xlfn.XLOOKUP(C11&A11, Inside5!B:B&Inside5!I:I, Inside5!F:F), 0)} -> 0 | K11: {=IFERROR(_xlfn.XLOOKUP(C11&A11, Inside5!B:B&Inside5!I:I, Inside5!G:G), 0)} -> 1 | L11: {=IFERROR(_xlfn.XLOOKUP(C11&A11, Inside5!B:B&Inside5!I:I, Inside5!H:H), 0)} -> 0 | M11: {=IFERROR(_xlfn.XLOOKUP(C11&A11, TDrate!F:F&TDrate!H:H, TDrate!B:B), "N/A")} -> 0.04 | N11: {=IFERROR(_xlfn.XLOOKUP(C11&A11, TDrate!F:F&TDrate!H:H, TDrate!D:D), "N/A")} -> 0.0371
A12: 2025 | B12: Travis Etienne Jr. (JAC) | C12: =TRIM(LEFT(B12, LEN(B12) - LEN(TRIM(RIGHT(SUBSTITUTE(TRIM(B12)," ",REPT(" ",100)),100))))) -> Travis Etienne Jr. | D12: =MID(B12, FIND("(", B12) + 1, FIND(")", B12) - FIND("(", B12) - 1) -> JAC | E12: {=IFERROR(_xlfn.XLOOKUP(C12&A12, Inside5!B:B&Inside5!I:I, Inside5!C:C), 0)} -> 11 | F12: {=IFERROR(_xlfn.XLOOKUP(C12&A12, Inside5!B:B&Inside5!I:I, Inside5!D:D), 0)} -> 2 | G12: {=IFERROR(_xlfn.XLOOKUP(C12&A12, Inside5!B:B&Inside5!I:I, Inside5!E:E), 0)} -> 0.611 | H12: {=IFERROR(_xlfn.XLOOKUP(C12&A12, TDrate!F:F&TDrate!H:H, TDrate!C:C), "N/A")} -> 0.0269 | I12: {=IFERROR(_xlfn.XLOOKUP(C12&A12, TDrate!F:F&TDrate!H:H, TDrate!E:E), "N/A")} -> 0.0292 | J12: {=IFERROR(_xlfn.XLOOKUP(C12&A12, Inside5!B:B&Inside5!I:I, Inside5!F:F), 0)} -> 0 | K12: {=IFERROR(_xlfn.XLOOKUP(C12&A12, Inside5!B:B&Inside5!I:I, Inside5!G:G), 0)} -> 1 | L12: {=IFERROR(_xlfn.XLOOKUP(C12&A12, Inside5!B:B&Inside5!I:I, Inside5!H:H), 0)} -> 0 | M12: {=IFERROR(_xlfn.XLOOKUP(C12&A12, TDrate!F:F&TDrate!H:H, TDrate!B:B), "N/A")} -> 0.1154 | N12: {=IFERROR(_xlfn.XLOOKUP(C12&A12, TDrate!F:F&TDrate!H:H, TDrate!D:D), "N/A")} -> 0.0828
A13: 2025 | B13: D'Andre Swift (CHI) | C13: =TRIM(LEFT(B13, LEN(B13) - LEN(TRIM(RIGHT(SUBSTITUTE(TRIM(B13)," ",REPT(" ",100)),100))))) -> D'Andre Swift | D13: =MID(B13, FIND("(", B13) + 1, FIND(")", B13) - FIND("(", B13) - 1) -> CHI | E13: {=IFERROR(_xlfn.XLOOKUP(C13&A13, Inside5!B:B&Inside5!I:I, Inside5!C:C), 0)} -> 13 | F13: {=IFERROR(_xlfn.XLOOKUP(C13&A13, Inside5!B:B&Inside5!I:I, Inside5!D:D), 0)} -> 5 | G13: {=IFERROR(_xlfn.XLOOKUP(C13&A13, Inside5!B:B&Inside5!I:I, Inside5!E:E), 0)} -> 0.565 | H13: {=IFERROR(_xlfn.XLOOKUP(C13&A13, TDrate!F:F&TDrate!H:H, TDrate!C:C), "N/A")} -> 0.0404 | I13: {=IFERROR(_xlfn.XLOOKUP(C13&A13, TDrate!F:F&TDrate!H:H, TDrate!E:E), "N/A")} -> 0.0382 | J13: {=IFERROR(_xlfn.XLOOKUP(C13&A13, Inside5!B:B&Inside5!I:I, Inside5!F:F), 0)} -> 0 | K13: {=IFERROR(_xlfn.XLOOKUP(C13&A13, Inside5!B:B&Inside5!I:I, Inside5!G:G), 0)} -> 0 | L13: {=IFERROR(_xlfn.XLOOKUP(C13&A13, Inside5!B:B&Inside5!I:I, Inside5!H:H), 0)} -> 0 | M13: {=IFERROR(_xlfn.XLOOKUP(C13&A13, TDrate!F:F&TDrate!H:H, TDrate!B:B), "N/A")} -> 0.0208 | N13: {=IFERROR(_xlfn.XLOOKUP(C13&A13, TDrate!F:F&TDrate!H:H, TDrate!D:D), "N/A")} -> 0.0147
... A1441: 2018 | B1441: Robert Turbin (IND) | C1441: =TRIM(LEFT(B1441, LEN(B1441) - LEN(TRIM(RIGHT(SUBSTITUTE(TRIM(B1441)," ",REPT(" ",100)),100))))) -> Robert Turbin | D1441: =MID(B1441, FIND("(", B1441) + 1, FIND(")", B1441) - FIND("(", B1441) - 1) -> IND | E1441: {=IFERROR(_xlfn.XLOOKUP(C1441&A1441, Inside5!B:B&Inside5!I:I, Inside5!C:C), 0)} -> 0 | F1441: {=IFERROR(_xlfn.XLOOKUP(C1441&A1441, Inside5!B:B&Inside5!I:I, Inside5!D:D), 0)} -> 0 | G1441: {=IFERROR(_xlfn.XLOOKUP(C1441&A1441, Inside5!B:B&Inside5!I:I, Inside5!E:E), 0)} -> 0 | H1441: {=IFERROR(_xlfn.XLOOKUP(C1441&A1441, TDrate!F:F&TDrate!H:H, TDrate!C:C), "N/A")} -> N/A | I1441: {=IFERROR(_xlfn.XLOOKUP(C1441&A1441, TDrate!F:F&TDrate!H:H, TDrate!E:E), "N/A")} -> N/A | J1441: {=IFERROR(_xlfn.XLOOKUP(C1441&A1441, Inside5!B:B&Inside5!I:I, Inside5!F:F), 0)} -> 0 | K1441: {=IFERROR(_xlfn.XLOOKUP(C1441&A1441, Inside5!B:B&Inside5!I:I, Inside5!G:G), 0)} -> 0 | L1441: {=IFERROR(_xlfn.XLOOKUP(C1441&A1441, Inside5!B:B&Inside5!I:I, Inside5!H:H), 0)} -> 0 | M1441: {=IFERROR(_xlfn.XLOOKUP(C1441&A1441, TDrate!F:F&TDrate!H:H, TDrate!B:B), "N/A")} -> N/A | N1441: {=IFERROR(_xlfn.XLOOKUP(C1441&A1441, TDrate!F:F&TDrate!H:H, TDrate!D:D), "N/A")} -> N/A

Sheet Inside5
A1: Players CurrentTm | B1: Player | C1: Rushing ATT | D1: Rushing TD | E1: Rushing PCT | F1: Receiving REC | G1: Receiving TGT | H1: Receiving TD | I1: Year
A2: Christian McCaffrey SF | B2: =TRIM(LEFT(A2, LEN(A2) - LEN(TRIM(RIGHT(SUBSTITUTE(TRIM(A2)," ",REPT(" ",100)),100))))) -> Christian McCaffrey | C2: 20 | D2: 9 | E2: 0.87 | F2: 3 | G2: 4 | H2: 3 | I2: 2025
A3: Javonte Williams DAL | B3: =TRIM(LEFT(A3, LEN(A3) - LEN(TRIM(RIGHT(SUBSTITUTE(TRIM(A3)," ",REPT(" ",100)),100))))) -> Javonte Williams | C3: 20 | D3: 10 | E3: 0.87 | F3: 3 | G3: 4 | H3: 2 | I3: 2025
A4: Derrick Henry BAL | B4: =TRIM(LEFT(A4, LEN(A4) - LEN(TRIM(RIGHT(SUBSTITUTE(TRIM(A4)," ",REPT(" ",100)),100))))) -> Derrick Henry | C4: 27 | D4: 10 | E4: 0.964 | F4: 0 | G4: 0 | H4: 0 | I4: 2025
A5: Kareem Hunt FA | B5: =TRIM(LEFT(A5, LEN(A5) - LEN(TRIM(RIGHT(SUBSTITUTE(TRIM(A5)," ",REPT(" ",100)),100))))) -> Kareem Hunt | C5: 15 | D5: 8 | E5: 0.938 | F5: 1 | G5: 1 | H5: 1 | I5: 2025
A6: Jonathan Taylor IND | B6: =TRIM(LEFT(A6, LEN(A6) - LEN(TRIM(RIGHT(SUBSTITUTE(TRIM(A6)," ",REPT(" ",100)),100))))) -> Jonathan Taylor | C6: 22 | D6: 9 | E6: 0.917 | F6: 0 | G6: 0 | H6: 0 | I6: 2025
A7: Zach Charbonnet SEA | B7: =TRIM(LEFT(A7, LEN(A7) - LEN(TRIM(RIGHT(SUBSTITUTE(TRIM(A7)," ",REPT(" ",100)),100))))) -> Zach Charbonnet | C7: 18 | D7: 9 | E7: 0.692 | F7: 1 | G7: 1 | H7: 0 | I7: 2025
A8: RJ Harvey DEN | B8: =TRIM(LEFT(A8, LEN(A8) - LEN(TRIM(RIGHT(SUBSTITUTE(TRIM(A8)," ",REPT(" ",100)),100))))) -> RJ Harvey | C8: 9 | D8: 5 | E8: 0.5 | F8: 3 | G8: 3 | H8: 3 | I8: 2025
A9: Josh Jacobs GB | B9: =TRIM(LEFT(A9, LEN(A9) - LEN(TRIM(RIGHT(SUBSTITUTE(TRIM(A9)," ",REPT(" ",100)),100))))) -> Josh Jacobs | C9: 20 | D9: 8 | E9: 0.833 | F9: 0 | G9: 0 | H9: 0 | I9: 2025
A10: Kyren Williams LAR | B10: =TRIM(LEFT(A10, LEN(A10) - LEN(TRIM(RIGHT(SUBSTITUTE(TRIM(A10)," ",REPT(" ",100)),100))))) -> Kyren Williams | C10: 17 | D10: 8 | E10: 0.586 | F10: 0 | G10: 0 | H10: 0 | I10: 2025
A11: James Cook III BUF | B11: =TRIM(LEFT(A11, LEN(A11) - LEN(TRIM(RIGHT(SUBSTITUTE(TRIM(A11)," ",REPT(" ",100)),100))))) -> James Cook III | C11: 16 | D11: 6 | E11: 0.762 | F11: 1 | G11: 1 | H11: 1 | I11: 2025
A12: Jahmyr Gibbs DET | B12: =TRIM(LEFT(A12, LEN(A12) - LEN(TRIM(RIGHT(SUBSTITUTE(TRIM(A12)," ",REPT(" ",100)),100))))) -> Jahmyr Gibbs | C12: 10 | D12: 4 | E12: 0.385 | F12: 2 | G12: 2 | H12: 2 | I12: 2025
A13: Rico Dowdle PIT | B13: =TRIM(LEFT(A13, LEN(A13) - LEN(TRIM(RIGHT(SUBSTITUTE(TRIM(A13)," ",REPT(" ",100)),100))))) -> Rico Dowdle | C13: 8 | D13: 6 | E13: 0.8 | F13: 0 | G13: 0 | H13: 0 | I13: 2025
... A812: Kyle Juszczyk SF | B812: =TRIM(LEFT(A812, LEN(A812) - LEN(TRIM(RIGHT(SUBSTITUTE(TRIM(A812)," ",REPT(" ",100)),100))))) -> Kyle Juszczyk | C812: 1 | D812: 0 | E812: 0.067 | F812: 0 | G812: 0 | H812: 0 | I812: 2018

Sheet TDrate
A1: Player (Team) | B1: Act RecTD% | C1: Act RuTD% | D1: Adj RecTD% | E1: Adj RuTD% | F1: name | G1: tm | H1: year
A2: Jonathan Taylor (IND) | B2: 0.0364 | C2: 0.0557 | D2: 0.0267 | E2: 0.048 | F2: =TRIM(LEFT(A2, FIND("(", A2) - 2)) -> Jonathan Taylor | G2: =MID(A2, FIND("(", A2) + 1, FIND(")", A2) - FIND("(", A2) - 1) -> IND | H2: 2025
A3: Christian McCaffrey (SF) | B3: 0.0543 | C3: 0.0322 | D3: 0.0521 | E3: 0.0356 | F3: =TRIM(LEFT(A3, FIND("(", A3) - 2)) -> Christian McCaffrey | G3: =MID(A3, FIND("(", A3) + 1, FIND(")", A3) - FIND("(", A3) - 1) -> SF | H3: 2025
A4: Bijan Robinson (ATL) | B4: 0.0388 | C4: 0.0244 | D4: 0.0335 | E4: 0.0234 | F4: =TRIM(LEFT(A4, FIND("(", A4) - 2)) -> Bijan Robinson | G4: =MID(A4, FIND("(", A4) + 1, FIND(")", A4) - FIND("(", A4) - 1) -> ATL | H4: 2025
A5: Jahmyr Gibbs (DET) | B5: 0.0532 | C5: 0.0535 | D5: 0.0434 | E5: 0.0416 | F5: =TRIM(LEFT(A5, FIND("(", A5) - 2)) -> Jahmyr Gibbs | G5: =MID(A5, FIND("(", A5) + 1, FIND(")", A5) - FIND("(", A5) - 1) -> DET | H5: 2025
A6: James Cook III (BUF) | B6: 0.05 | C6: 0.0388 | D6: 0.0367 | E6: 0.0349 | F6: =TRIM(LEFT(A6, FIND("(", A6) - 2)) -> James Cook III | G6: =MID(A6, FIND("(", A6) + 1, FIND(")", A6) - FIND("(", A6) - 1) -> BUF | H6: 2025
A7: De'Von Achane (MIA) | B7: 0.0471 | C7: 0.0336 | D7: 0.0399 | E7: 0.0259 | F7: =TRIM(LEFT(A7, FIND("(", A7) - 2)) -> De'Von Achane | G7: =MID(A7, FIND("(", A7) + 1, FIND(")", A7) - FIND("(", A7) - 1) -> MIA | H7: 2025
A8: Derrick Henry (BAL) | B8: 0 | C8: 0.0521 | D8: 0.0091 | E8: 0.0486 | F8: =TRIM(LEFT(A8, FIND("(", A8) - 2)) -> Derrick Henry | G8: =MID(A8, FIND("(", A8) + 1, FIND(")", A8) - FIND("(", A8) - 1) -> BAL | H8: 2025
A9: Kyren Williams (LAR) | B9: 0.06 | C9: 0.0386 | D9: 0.0481 | E9: 0.0387 | F9: =TRIM(LEFT(A9, FIND("(", A9) - 2)) -> Kyren Williams | G9: =MID(A9, FIND("(", A9) + 1, FIND(")", A9) - FIND("(", A9) - 1) -> LAR | H9: 2025
A10: Travis Etienne Jr. (JAC) | B10: 0.1154 | C10: 0.0269 | D10: 0.0828 | E10: 0.0292 | F10: =TRIM(LEFT(A10, FIND("(", A10) - 2)) -> Travis Etienne Jr. | G10: =MID(A10, FIND("(", A10) + 1, FIND(")", A10) - FIND("(", A10) - 1) -> JAC | H10: 2025
A11: Javonte Williams (DAL) | B11: 0.0392 | C11: 0.0437 | D11: 0.0521 | E11: 0.0426 | F11: =TRIM(LEFT(A11, FIND("(", A11) - 2)) -> Javonte Williams | G11: =MID(A11, FIND("(", A11) + 1, FIND(")", A11) - FIND("(", A11) - 1) -> DAL | H11: 2025
A12: Josh Jacobs (GB) | B12: 0.0227 | C12: 0.0556 | D12: 0.0247 | E12: 0.0503 | F12: =TRIM(LEFT(A12, FIND("(", A12) - 2)) -> Josh Jacobs | G12: =MID(A12, FIND("(", A12) + 1, FIND(")", A12) - FIND("(", A12) - 1) -> GB | H12: 2025
A13: Chase Brown (CIN) | B13: 0.0568 | C13: 0.0259 | D13: 0.0486 | E13: 0.0278 | F13: =TRIM(LEFT(A13, FIND("(", A13) - 2)) -> Chase Brown | G13: =MID(A13, FIND("(", A13) + 1, FIND(")", A13) - FIND("(", A13) - 1) -> CIN | H13: 2025
... A717: Dwayne Washington (NO) | B717: 0 | C717: 0 | D717: 0 | E717: 0.0036 | F717: =TRIM(LEFT(A717, FIND("(", A717) - 2)) -> Dwayne Washington | G717: =MID(A717, FIND("(", A717) + 1, FIND(")", A717) - FIND("(", A717) - 1) -> NO | H717: 2018
