Workbook

Sheet RB_rec
A1: Year | B1: Player (TM) | C1: Player | D1: TM | E1: G | F1: TGT | G1: REC | H1: RecYDS | I1: Y/R | J1: RecTD | K1: FL | L1: Routes | M1: Y/RR | N1: Open | O1: Catch | P1: YAC | Q1: Overall
A2: 2025 | B2: James Cook III (BUF) | C2: =TRIM(LEFT(B2, LEN(B2) - LEN(TRIM(RIGHT(SUBSTITUTE(TRIM(B2)," ",REPT(" ",100)),100))))) -> James Cook III | D2: =MID(B2, FIND("(", B2) + 1, FIND(")", B2) - FIND("(", B2) - 1) -> BUF | E2: 17 | F2: 40 | G2: 33 | H2: 291 | I2: 8.8 | J2: 2 | K2: 3 | L2: {=IFERROR(_xlfn.XLOOKUP(C2&A2, ESPN!A:A&ESPN!C:C, ESPN!D:D), "N/A")} -> 254 | M2: {=IFERROR(_xlfn.XLOOKUP(C2&A2, ESPN!A:A&ESPN!C:C, ESPN!G:G), "N/A")} -> 1.26 | N2: {=IFERROR(_xlfn.XLOOKUP(C2&A2, ESPN!A:A&ESPN!C:C, ESPN!H:H), "N/A")} -> 46 | O2: {=IFERROR(_xlfn.XLOOKUP(C2&A2, ESPN!A:A&ESPN!C:C, ESPN!I:I), "N/A")} -> 72 | P2: {=IFERROR(_xlfn.XLOOKUP(C2&A2, ESPN!A:A&ESPN!C:C, ESPN!J:J), "N/A")} -> 19 | Q2: {=IFERROR(_xlfn.XLOOKUP(C2&A2, ESPN!A:A&ESPN!C:C, ESPN!K:K), "N/A")} -> 33
A3: 2025 | B3: Derrick Henry (BAL) | C3: =TRIM(LEFT(B3, LEN(B3) - LEN(TRIM(RIGHT(SUBSTITUTE(TRIM(B3)," ",REPT(" ",100)),100))))) -> Derrick Henry | D3: =MID(B3, FIND("(", B3) + 1, FIND(")", B3) - FIND("(", B3) - 1) -> BAL | E3: 17 | F3: 21 | G3: 15 | H3: 150 | I3: 10 | J3: 0 | K3: 3 | L3: {=IFERROR(_xlfn.XLOOKUP(C3&A3, ESPN!A:A&ESPN!C:C, ESPN!D:D), "N/A")} -> N/A | M3: {=IFERROR(_xlfn.XLOOKUP(C3&A3, ESPN!A:A&ESPN!C:C, ESPN!G:G), "N/A")} -> N/A | N3: {=IFERROR(_xlfn.XLOOKUP(C3&A3, ESPN!A:A&ESPN!C:C, ESPN!H:H), "N/A")} -> N/A | O3: {=IFERROR(_xlfn.XLOOKUP(C3&A3, ESPN!A:A&ESPN!C:C, ESPN!I:I), "N/A")} -> N/A | P3: {=IFERROR(_xlfn.XLOOKUP(C3&A3, ESPN!A:A&ESPN!C:C, ESPN!J:J), "N/A")} -> N/A | Q3: {=IFERROR(_xlfn.XLOOKUP(C3&A3, ESPN!A:A&ESPN!C:C, ESPN!K:K), "N/A")} -> N/A
A4: 2025 | B4: Jonathan Taylor (IND) | C4: =TRIM(LEFT(B4, LEN(B4) - LEN(TRIM(RIGHT(SUBSTITUTE(TRIM(B4)," ",REPT(" ",100)),100))))) -> Jonathan Taylor | D4: =MID(B4, FIND("(", B4) + 1, FIND(")", B4) - FIND("(", B4) - 1) -> IND | E4: 17 | F4: 55 | G4: 46 | H4: 378 | I4: 8.2 | J4: 2 | K4: 1 | L4: {=IFERROR(_xlfn.XLOOKUP(C4&A4, ESPN!A:A&ESPN!C:C, ESPN!D:D), "N/A")} -> 337 | M4: {=IFERROR(_xlfn.XLOOKUP(C4&A4, ESPN!A:A&ESPN!C:C, ESPN!G:G), "N/A")} -> 1.12 | N4: {=IFERROR(_xlfn.XLOOKUP(C4&A4, ESPN!A:A&ESPN!C:C, ESPN!H:H), "N/A")} -> 52 | O4: {=IFERROR(_xlfn.XLOOKUP(C4&A4, ESPN!A:A&ESPN!C:C, ESPN!I:I), "N/A")} -> 80 | P4: {=IFERROR(_xlfn.XLOOKUP(C4&A4, ESPN!A:A&ESPN!C:C, ESPN!J:J), "N/A")} -> 55 | Q4: {=IFERROR(_xlfn.XLOOKUP(C4&A4, ESPN!A:A&ESPN!C:C, ESPN!K:K), "N/A")} -> 69
A5: 2025 | B5: Bijan Robinson (ATL) | C5: =TRIM(LEFT(B5, LEN(B5) - LEN(TRIM(RIGHT(SUBSTITUTE(TRIM(B5)," ",REPT(" ",100)),100))))) -> Bijan Robinson | D5: =MID(B5, FIND("(", B5) + 1, FIND(")", B5) - FIND("(", B5) - 1) -> ATL | E5: 17 | F5: 103 | G5: 79 | H5: 820 | I5: 10.4 | J5: 4 | K5: 3 | L5: {=IFERROR(_xlfn.XLOOKUP(C5&A5, ESPN!A:A&ESPN!C:C, ESPN!D:D), "N/A")} -> 377 | M5: {=IFERROR(_xlfn.XLOOKUP(C5&A5, ESPN!A:A&ESPN!C:C, ESPN!G:G), "N/A")} -> 2.18 | N5: {=IFERROR(_xlfn.XLOOKUP(C5&A5, ESPN!A:A&ESPN!C:C, ESPN!H:H), "N/A")} -> 52 | O5: {=IFERROR(_xlfn.XLOOKUP(C5&A5, ESPN!A:A&ESPN!C:C, ESPN!I:I), "N/A")} -> 95 | P5: {=IFERROR(_xlfn.XLOOKUP(C5&A5, ESPN!A:A&ESPN!C:C, ESPN!J:J), "N/A")} -> 75 | Q5: {=IFERROR(_xlfn.XLOOKUP(C5&A5, ESPN!A:A&ESPN!C:C, ESPN!K:K), "N/A")} -> 94
A6: 2025 | B6: De'Von Achane (MIA) | C6: =TRIM(LEFT(B6, LEN(B6) - LEN(TRIM(RIGHT(SUBSTITUTE(TRIM(B6)," ",REPT(" ",100)),100))))) -> De'Von Achane | D6: =MID(B6, FIND("(", B6) + 1, FIND(")", B6) - FIND("(", B6) - 1) -> MIA | E6: 16 | F6: 85 | G6: 67 | H6: 488 | I6: 7.3 | J6: 4 | K6: 0 | L6: {=IFERROR(_xlfn.XLOOKUP(C6&A6, ESPN!A:A&ESPN!C:C, ESPN!D:D), "N/A")} -> 284 | M6: {=IFERROR(_xlfn.XLOOKUP(C6&A6, ESPN!A:A&ESPN!C:C, ESPN!G:G), "N/A")} -> 1.72 | N6: {=IFERROR(_xlfn.XLOOKUP(C6&A6, ESPN!A:A&ESPN!C:C, ESPN!H:H), "N/A")} -> 45 | O6: {=IFERROR(_xlfn.XLOOKUP(C6&A6, ESPN!A:A&ESPN!C:C, ESPN!I:I), "N/A")} -> 74 | P6: {=IFERROR(_xlfn.XLOOKUP(C6&A6, ESPN!A:A&ESPN!C:C, ESPN!J:J), "N/A")} -> 29 | Q6: {=IFERROR(_xlfn.XLOOKUP(C6&A6, ESPN!A:A&ESPN!C:C, ESPN!K:K), "N/A")} -> 42
A7: 2025 | B7: Kyren Williams (LAR) | C7: =TRIM(LEFT(B7, LEN(B7) - LEN(TRIM(RIGHT(SUBSTITUTE(TRIM(B7)," ",REPT(" ",100)),100))))) -> Kyren Williams | D7: =MID(B7, FIND("(", B7) + 1, FIND(")", B7) - FIND("(", B7) - 1) -> LAR | E7: 17 | F7: 50 | G7: 36 | H7: 281 | I7: 7.8 | J7: 3 | K7: 2 | L7: {=IFERROR(_xlfn.XLOOKUP(C7&A7, ESPN!A:A&ESPN!C:C, ESPN!D:D), "N/A")} -> 335 | M7: {=IFERROR(_xlfn.XLOOKUP(C7&A7, ESPN!A:A&ESPN!C:C, ESPN!G:G), "N/A")} -> 1.05 | N7: {=IFERROR(_xlfn.XLOOKUP(C7&A7, ESPN!A:A&ESPN!C:C, ESPN!H:H), "N/A")} -> 60 | O7: {=IFERROR(_xlfn.XLOOKUP(C7&A7, ESPN!A:A&ESPN!C:C, ESPN!I:I), "N/A")} -> 99 | P7: {=IFERROR(_xlfn.XLOOKUP(C7&A7, ESPN!A:A&ESPN!C:C, ESPN!J:J), "N/A")} -> 20 | Q7: {=IFERROR(_xlfn.XLOOKUP(C7&A7, ESPN!A:A&ESPN!C:C, ESPN!K:K), "N/A")} -> 52
A8: 2025 | B8: Jahmyr Gibbs (DET) | C8: =TRIM(LEFT(B8, LEN(B8) - LEN(TRIM(RIGHT(SUBSTITUTE(TRIM(B8)," ",REPT(" ",100)),100))))) -> Jahmyr Gibbs | D8: =MID(B8, FIND("(", B8) + 1, FIND(")", B8) - FIND("(", B8) - 1) -> DET | E8: 17 | F8: 94 | G8: 77 | H8: 616 | I8: 8 | J8: 5 | K8: 1 | L8: {=IFERROR(_xlfn.XLOOKUP(C8&A8, ESPN!A:A&ESPN!C:C, ESPN!D:D), "N/A")} -> 314 | M8: {=IFERROR(_xlfn.XLOOKUP(C8&A8, ESPN!A:A&ESPN!C:C, ESPN!G:G), "N/A")} -> 1.96 | N8: {=IFERROR(_xlfn.XLOOKUP(C8&A8, ESPN!A:A&ESPN!C:C, ESPN!H:H), "N/A")} -> 71 | O8: {=IFERROR(_xlfn.XLOOKUP(C8&A8, ESPN!A:A&ESPN!C:C, ESPN!I:I), "N/A")} -> 89 | P8: {=IFERROR(_xlfn.XLOOKUP(C8&A8, ESPN!A:A&ESPN!C:C, ESPN!J:J), "N/A")} -> 46 | Q8: {=IFERROR(_xlfn.XLOOKUP(C8&A8, ESPN!A:A&ESPN!C:C, ESPN!K:K), "N/A")} -> 73
A9: 2025 | B9: Christian McCaffrey (SF) | C9: =TRIM(LEFT(B9, LEN(B9) - LEN(TRIM(RIGHT(SUBSTITUTE(TRIM(B9)," ",REPT(" ",100)),100))))) -> Christian McCaffrey | D9: =MID(B9, FIND("(", B9) + 1, FIND(")", B9) - FIND("(", B9) - 1) -> SF | E9: 17 | F9: 129 | G9: 102 | H9: 924 | I9: 9.1 | J9: 7 | K9: 0 | L9: {=IFERROR(_xlfn.XLOOKUP(C9&A9, ESPN!A:A&ESPN!C:C, ESPN!D:D), "N/A")} -> 494 | M9: {=IFERROR(_xlfn.XLOOKUP(C9&A9, ESPN!A:A&ESPN!C:C, ESPN!G:G), "N/A")} -> 2.08 | N9: {=IFERROR(_xlfn.XLOOKUP(C9&A9, ESPN!A:A&ESPN!C:C, ESPN!H:H), "N/A")} -> 59 | O9: {=IFERROR(_xlfn.XLOOKUP(C9&A9, ESPN!A:A&ESPN!C:C, ESPN!I:I), "N/A")} -> 99 | P9: {=IFERROR(_xlfn.XLOOKUP(C9&A9, ESPN!A:A&ESPN!C:C, ESPN!J:J), "N/A")} -> 51 | Q9: {=IFERROR(_xlfn.XLOOKUP(C9&A9, ESPN!A:A&ESPN!C:C, ESPN!K:K), "N/A")} -> 99
A10: 2025 | B10: Javonte Williams (DAL) | C10: =TRIM(LEFT(B10, LEN(B10) - LEN(TRIM(RIGHT(SUBSTITUTE(TRIM(B10)," ",REPT(" ",100)),100))))) -> Javonte Williams | D10: =MID(B10, FIND("(", B10) + 1, FIND(")", B10) - FIND("(", B10) - 1) -> DAL | E10: 16 | F10: 51 | G10: 35 | H10: 137 | I10: 3.9 | J10: 2 | K10: 2 | L10: {=IFERROR(_xlfn.XLOOKUP(C10&A10, ESPN!A:A&ESPN!C:C, ESPN!D:D), "N/A")} -> 297 | M10: {=IFERROR(_xlfn.XLOOKUP(C10&A10, ESPN!A:A&ESPN!C:C, ESPN!G:G), "N/A")} -> 0.46 | N10: {=IFERROR(_xlfn.XLOOKUP(C10&A10, ESPN!A:A&ESPN!C:C, ESPN!H:H), "N/A")} -> 53 | O10: {=IFERROR(_xlfn.XLOOKUP(C10&A10, ESPN!A:A&ESPN!C:C, ESPN!I:I), "N/A")} -> 57 | P10: {=IFERROR(_xlfn.XLOOKUP(C10&A10, ESPN!A:A&ESPN!C:C, ESPN!J:J), "N/A")} -> 17 | Q10: {=IFERROR(_xlfn.XLOOKUP(C10&A10, ESPN!A:A&ESPN!C:C, ESPN!K:K), "N/A")} -> 27
A11: 2025 | B11: Saquon Barkley (PHI) | C11: =TRIM(LEFT(B11, LEN(B11) - LEN(TRIM(RIGHT(SUBSTITUTE(TRIM(B11)," ",REPT(" ",100)),100))))) -> Saquon Barkley | D11: =MID(B11, FIND("(", B11) + 1, FIND(")", B11) - FIND("(", B11) - 1) -> PHI | E11: 16 | F11: 50 | G11: 37 | H11: 273 | I11: 7.4 | J11: 2 | K11: 1 | L11: {=IFERROR(_xlfn.XLOOKUP(C11&A11, ESPN!A:A&ESPN!C:C, ESPN!D:D), "N/A")} -> 301 | M11: {=IFERROR(_xlfn.XLOOKUP(C11&A11, ESPN!A:A&ESPN!C:C, ESPN!G:G), "N/A")} -> 0.99 | N11: {=IFERROR(_xlfn.XLOOKUP(C11&A11, ESPN!A:A&ESPN!C:C, ESPN!H:H), "N/A")} -> 64 | O11: {=IFERROR(_xlfn.XLOOKUP(C11&A11, ESPN!A:A&ESPN!C:C, ESPN!I:I), "N/A")} -> 64 | P11: {=IFERROR(_xlfn.XLOOKUP(C11&A11, ESPN!A:A&ESPN!C:C, ESPN!J:J), "N/A")} -> 39 | Q11: {=IFERROR(_xlfn.XLOOKUP(C11&A11, ESPN!A:A&ESPN!C:C, ESPN!K:K), "N/A")} -> 53
A12: 2025 | B12: Travis Etienne Jr. (JAC) | C12: =TRIM(LEFT(B12, LEN(B12) - LEN(TRIM(RIGHT(SUBSTITUTE(TRIM(B12)," ",REPT(" ",100)),100))))) -> Travis Etienne Jr. | D12: =MID(B12, FIND("(", B12) + 1, FIND(")", B12) - FIND("(", B12) - 1) -> JAC | E12: 17 | F12: 52 | G12: 36 | H12: 292 | I12: 8.1 | J12: 6 | K12: 0 | L12: {=IFERROR(_xlfn.XLOOKUP(C12&A12, ESPN!A:A&ESPN!C:C, ESPN!D:D), "N/A")} -> 228 | M12: {=IFERROR(_xlfn.XLOOKUP(C12&A12, ESPN!A:A&ESPN!C:C, ESPN!G:G), "N/A")} -> 1.5 | N12: {=IFERROR(_xlfn.XLOOKUP(C12&A12, ESPN!A:A&ESPN!C:C, ESPN!H:H), "N/A")} -> 73 | O12: {=IFERROR(_xlfn.XLOOKUP(C12&A12, ESPN!A:A&ESPN!C:C, ESPN!I:I), "N/A")} -> 70 | P12: {=IFERROR(_xlfn.XLOOKUP(C12&A12, ESPN!A:A&ESPN!C:C, ESPN!J:J), "N/A")} -> 48 | Q12: {=IFERROR(_xlfn.XLOOKUP(C12&A12, ESPN!A:A&ESPN!C:C, ESPN!K:K), "N/A")} -> 66
A13: 2025 | B13: D'Andre Swift (CHI) | C13: =TRIM(LEFT(B13, LEN(B13) - LEN(TRIM(RIGHT(SUBSTITUTE(TRIM(B13)," ",REPT(" ",100)),100))))) -> D'Andre Swift | D13: =MID(B13, FIND("(", B13) + 1, FIND(")", B13) - FIND("(", B13) - 1) -> CHI | E13: 16 | F13: 48 | G13: 34 | H13: 299 | I13: 8.8 | J13: 1 | K13: 2 | L13: {=IFERROR(_xlfn.XLOOKUP(C13&A13, ESPN!A:A&ESPN!C:C, ESPN!D:D), "N/A")} -> 302 | M13: {=IFERROR(_xlfn.XLOOKUP(C13&A13, ESPN!A:A&ESPN!C:C, ESPN!G:G), "N/A")} -> 1.12 | N13: {=IFERROR(_xlfn.XLOOKUP(C13&A13, ESPN!A:A&ESPN!C:C, ESPN!H:H), "N/A")} -> 63 | O13: {=IFERROR(_xlfn.XLOOKUP(C13&A13, ESPN!A:A&ESPN!C:C, ESPN!I:I), "N/A")} -> 77 | P13: {=IFERROR(_xlfn.XLOOKUP(C13&A13, ESPN!A:A&ESPN!C:C, ESPN!J:J), "N/A")} -> 46 | Q13: {=IFERROR(_xlfn.XLOOKUP(C13&A13, ESPN!A:A&ESPN!C:C, ESPN!K:K), "N/A")} -> 64
... A1441: 2018 | B1441: Robert Turbin (IND) | C1441: =TRIM(LEFT(B1441, LEN(B1441) - LEN(TRIM(RIGHT(SUBSTITUTE(TRIM(B1441)," ",REPT(" ",100)),100))))) -> Robert Turbin | D1441: =MID(B1441, FIND("(", B1441) + 1, FIND(")", B1441) - FIND("(", B1441) - 1) -> IND | E1441: 2 | F1441: 2 | G1441: 1 | H1441: 3 | I1441: 3 | J1441: 0 | K1441: 1 | L1441: {=IFERROR(_xlfn.XLOOKUP(C1441&A1441, ESPN!A:A&ESPN!C:C, ESPN!D:D), "N/A")} -> N/A | M1441: {=IFERROR(_xlfn.XLOOKUP(C1441&A1441, ESPN!A:A&ESPN!C:C, ESPN!G:G), "N/A")} -> N/A | N1441: {=IFERROR(_xlfn.XLOOKUP(C1441&A1441, ESPN!A:A&ESPN!C:C, ESPN!H:H), "N/A")} -> N/A | O1441: {=IFERROR(_xlfn.XLOOKUP(C1441&A1441, ESPN!A:A&ESPN!C:C, ESPN!I:I), "N/A")} -> N/A | P1441: {=IFERROR(_xlfn.XLOOKUP(C1441&A1441, ESPN!A:A&ESPN!C:C, ESPN!J:J), "N/A")} -> N/A | Q1441: {=IFERROR(_xlfn.XLOOKUP(C1441&A1441, ESPN!A:A&ESPN!C:C, ESPN!K:K), "N/A")} -> N/A

Sheet ESPN
A1: Player | B1: Tm | C1: Year | D1: Routes | E1: Targets | F1: Yds | G1: YPRR | H1: Open | I1: Catch | J1: YAC | K1: Overall
A2: Kareem Hunt | B2: KC | C2: 2018 | D2: 190 | E2: 25 | F2: 378 | G2: 1.99 | H2: 32 | I2: 50 | J2: 99 | K2: 87
A3: Christian McCaffrey | B3: CAR | C3: 2018 | D3: 355 | E3: 103 | F3: 867 | G3: 2.44 | H3: 63 | I3: 99 | J3: 50 | K3: 83
A4: Tevin Coleman | B4: ATL | C4: 2018 | D4: 206 | E4: 34 | F4: 276 | G4: 1.34 | H4: 51 | I4: 53 | J4: 74 | K4: 72
A5: Tarik Cohen | B5: CHI | C5: 2018 | D5: 270 | E5: 69 | F5: 752 | G5: 2.79 | H5: 48 | I5: 86 | J5: 55 | K5: 71
A6: Matt Breida | B6: SF | C6: 2018 | D6: 126 | E6: 20 | F6: 261 | G6: 2.07 | H6: 36 | I6: 62 | J6: 72 | K6: 70
A7: Alvin Kamara | B7: NO | C7: 2018 | D7: 317 | E7: 92 | F7: 840 | G7: 2.65 | H7: 33 | I7: 69 | J7: 67 | K7: 67
A8: Adrian Peterson | B8: WAS | C8: 2018 | D8: 112 | E8: 21 | F8: 208 | G8: 1.86 | H8: 51 | I8: 40 | J8: 72 | K8: 64
A9: Rex Burkhead | B9: NE | C9: 2018 | D9: 82 | E9: 24 | F9: 176 | G9: 2.15 | H9: 66 | I9: 54 | J9: 55 | K9: 63
A10: Jalen Richard | B10: LV | C10: 2018 | D10: 177 | E10: 61 | F10: 607 | G10: 3.43 | H10: 78 | I10: 62 | J10: 45 | K10: 62
A11: Damien Williams | B11: KC | C11: 2018 | D11: 126 | E11: 22 | F11: 251 | G11: 1.99 | H11: 48 | I11: 63 | J11: 56 | K11: 61
A12: Austin Ekeler | B12: LAC | C12: 2018 | D12: 179 | E12: 53 | F12: 437 | G12: 2.44 | H12: 35 | I12: 36 | J12: 77 | K12: 61
A13: Dalvin Cook | B13: MIN | C13: 2018 | D13: 146 | E13: 29 | F13: 305 | G13: 2.09 | H13: 51 | I13: 47 | J13: 64 | K13: 61
... A391: Isiah Pacheco | B391: KC | C391: 2025 | D391: 195 | E391: 21 | F391: 101 | G391: 0.52 | H391: 32 | I391: 45 | J391: 18 | K391: 14
