Workbook

Sheet RB_rush
A1: Year | B1: Player (TM) | C1: Player | D1: TM | E1: ATT | F1: RusYDS | G1: RusY/A | H1: RusTD | I1: FL | J1: G | K1: TmRBWR | L1: RYOE | M1: RYOE/ATT | N1: RYOE%
A2: 2025 | B2: James Cook III (BUF) | C2: =TRIM(LEFT(B2, LEN(B2) - LEN(TRIM(RIGHT(SUBSTITUTE(TRIM(B2)," ",REPT(" ",100)),100))))) -> James Cook III | D2: =MID(B2, FIND("(", B2) + 1, FIND(")", B2) - FIND("(", B2) - 1) -> BUF | E2: 309 | F2: 1621 | G2: 5.2 | H2: 12 | I2: 3 | J2: 17 | K2: {=IFERROR(_xlfn.XLOOKUP(D2&A2, RBWR!A:A&RBWR!C:C, RBWR!B:B), "N/A")} -> 75 | L2: {=IFERROR(_xlfn.XLOOKUP(C2&A2, RYOE!A:A&RYOE!F:F, RYOE!C:C), "N/A")} -> 358 | M2: {=IFERROR(_xlfn.XLOOKUP(C2&A2, RYOE!A:A&RYOE!F:F, RYOE!D:D), "N/A")} -> 1.17 | N2: {=IFERROR(_xlfn.XLOOKUP(C2&A2, RYOE!A:A&RYOE!F:F, RYOE!E:E), "N/A")} -> 46.9
A3: 2025 | B3: Derrick Henry (BAL) | C3: =TRIM(LEFT(B3, LEN(B3) - LEN(TRIM(RIGHT(SUBSTITUTE(TRIM(B3)," ",REPT(" ",100)),100))))) -> Derrick Henry | D3: =MID(B3, FIND("(", B3) + 1, FIND(")", B3) - FIND("(", B3) - 1) -> BAL | E3: 307 | F3: 1595 | G3: 5.2 | H3: 16 | I3: 3 | J3: 17 | K3: {=IFERROR(_xlfn.XLOOKUP(D3&A3, RBWR!A:A&RBWR!C:C, RBWR!B:B), "N/A")} -> 71 | L3: {=IFERROR(_xlfn.XLOOKUP(C3&A3, RYOE!A:A&RYOE!F:F, RYOE!C:C), "N/A")} -> 338 | M3: {=IFERROR(_xlfn.XLOOKUP(C3&A3, RYOE!A:A&RYOE!F:F, RYOE!D:D), "N/A")} -> 1.11 | N3: {=IFERROR(_xlfn.XLOOKUP(C3&A3, RYOE!A:A&RYOE!F:F, RYOE!E:E), "N/A")} -> 42.1
A4: 2025 | B4: Jonathan Taylor (IND) | C4: =TRIM(LEFT(B4, LEN(B4) - LEN(TRIM(RIGHT(SUBSTITUTE(TRIM(B4)," ",REPT(" ",100)),100))))) -> Jonathan Taylor | D4: =MID(B4, FIND("(", B4) + 1, FIND(")", B4) - FIND("(", B4) - 1) -> IND | E4: 323 | F4: 1585 | G4: 4.9 | H4: 18 | I4: 1 | J4: 17 | K4: {=IFERROR(_xlfn.XLOOKUP(D4&A4, RBWR!A:A&RBWR!C:C, RBWR!B:B), "N/A")} -> 73 | L4: {=IFERROR(_xlfn.XLOOKUP(C4&A4, RYOE!A:A&RYOE!F:F, RYOE!C:C), "N/A")} -> 195 | M4: {=IFERROR(_xlfn.XLOOKUP(C4&A4, RYOE!A:A&RYOE!F:F, RYOE!D:D), "N/A")} -> 0.61 | N4: {=IFERROR(_xlfn.XLOOKUP(C4&A4, RYOE!A:A&RYOE!F:F, RYOE!E:E), "N/A")} -> 37.4
A5: 2025 | B5: Bijan Robinson (ATL) | C5: =TRIM(LEFT(B5, LEN(B5) - LEN(TRIM(RIGHT(SUBSTITUTE(TRIM(B5)," ",REPT(" ",100)),100))))) -> Bijan Robinson | D5: =MID(B5, FIND("(", B5) + 1, FIND(")", B5) - FIND("(", B5) - 1) -> ATL | E5: 287 | F5: 1478 | G5: 5.1 | H5: 7 | I5: 3 | J5: 17 | K5: {=IFERROR(_xlfn.XLOOKUP(D5&A5, RBWR!A:A&RBWR!C:C, RBWR!B:B), "N/A")} -> 70 | L5: {=IFERROR(_xlfn.XLOOKUP(C5&A5, RYOE!A:A&RYOE!F:F, RYOE!C:C), "N/A")} -> 257 | M5: {=IFERROR(_xlfn.XLOOKUP(C5&A5, RYOE!A:A&RYOE!F:F, RYOE!D:D), "N/A")} -> 0.91 | N5: {=IFERROR(_xlfn.XLOOKUP(C5&A5, RYOE!A:A&RYOE!F:F, RYOE!E:E), "N/A")} -> 44.2
A6: 2025 | B6: De'Von Achane (MIA) | C6: =TRIM(LEFT(B6, LEN(B6) - LEN(TRIM(RIGHT(SUBSTITUTE(TRIM(B6)," ",REPT(" ",100)),100))))) -> De'Von Achane | D6: =MID(B6, FIND("(", B6) + 1, FIND(")", B6) - FIND("(", B6) - 1) -> MIA | E6: 238 | F6: 1350 | G6: 5.7 | H6: 8 | I6: 0 | J6: 16 | K6: {=IFERROR(_xlfn.XLOOKUP(D6&A6, RBWR!A:A&RBWR!C:C, RBWR!B:B), "N/A")} -> 70 | L6: {=IFERROR(_xlfn.XLOOKUP(C6&A6, RYOE!A:A&RYOE!F:F, RYOE!C:C), "N/A")} -> 242 | M6: {=IFERROR(_xlfn.XLOOKUP(C6&A6, RYOE!A:A&RYOE!F:F, RYOE!D:D), "N/A")} -> 1.03 | N6: {=IFERROR(_xlfn.XLOOKUP(C6&A6, RYOE!A:A&RYOE!F:F, RYOE!E:E), "N/A")} -> 37.9
A7: 2025 | B7: Kyren Williams (LAR) | C7: =TRIM(LEFT(B7, LEN(B7) - LEN(TRIM(RIGHT(SUBSTITUTE(TRIM(B7)," ",REPT(" ",100)),100))))) -> Kyren Williams | D7: =MID(B7, FIND("(", B7) + 1, FIND(")", B7) - FIND("(", B7) - 1) -> LAR | E7: 259 | F7: 1252 | G7: 4.8 | H7: 10 | I7: 2 | J7: 17 | K7: {=IFERROR(_xlfn.XLOOKUP(D7&A7, RBWR!A:A&RBWR!C:C, RBWR!B:B), "N/A")} -> 74 | L7: {=IFERROR(_xlfn.XLOOKUP(C7&A7, RYOE!A:A&RYOE!F:F, RYOE!C:C), "N/A")} -> 145 | M7: {=IFERROR(_xlfn.XLOOKUP(C7&A7, RYOE!A:A&RYOE!F:F, RYOE!D:D), "N/A")} -> 0.57 | N7: {=IFERROR(_xlfn.XLOOKUP(C7&A7, RYOE!A:A&RYOE!F:F, RYOE!E:E), "N/A")} -> 45.5
A8: 2025 | B8: Jahmyr Gibbs (DET) | C8: =TRIM(LEFT(B8, LEN(B8) - LEN(TRIM(RIGHT(SUBSTITUTE(TRIM(B8)," ",REPT(" ",100)),100))))) -> Jahmyr Gibbs | D8: =MID(B8, FIND("(", B8) + 1, FIND(")", B8) - FIND("(", B8) - 1) -> DET | E8: 243 | F8: 1223 | G8: 5 | H8: 13 | I8: 1 | J8: 17 | K8: {=IFERROR(_xlfn.XLOOKUP(D8&A8, RBWR!A:A&RBWR!C:C, RBWR!B:B), "N/A")} -> 71 | L8: {=IFERROR(_xlfn.XLOOKUP(C8&A8, RYOE!A:A&RYOE!F:F, RYOE!C:C), "N/A")} -> 167 | M8: {=IFERROR(_xlfn.XLOOKUP(C8&A8, RYOE!A:A&RYOE!F:F, RYOE!D:D), "N/A")} -> 0.7 | N8: {=IFERROR(_xlfn.XLOOKUP(C8&A8, RYOE!A:A&RYOE!F:F, RYOE!E:E), "N/A")} -> 36.3
A9: 2025 | B9: Christian McCaffrey (SF) | C9: =TRIM(LEFT(B9, LEN(B9) - LEN(TRIM(RIGHT(SUBSTITUTE(TRIM(B9)," ",REPT(" ",100)),100))))) -> Christian McCaffrey | D9: =MID(B9, FIND("(", B9) + 1, FIND(")", B9) - FIND("(", B9) - 1) -> SF | E9: 311 | F9: 1202 | G9: 3.9 | H9: 10 | I9: 0 | J9: 17 | K9: {=IFERROR(_xlfn.XLOOKUP(D9&A9, RBWR!A:A&RBWR!C:C, RBWR!B:B), "N/A")} -> 72 | L9: {=IFERROR(_xlfn.XLOOKUP(C9&A9, RYOE!A:A&RYOE!F:F, RYOE!C:C), "N/A")} -> -166 | M9: {=IFERROR(_xlfn.XLOOKUP(C9&A9, RYOE!A:A&RYOE!F:F, RYOE!D:D), "N/A")} -> -0.54 | N9: {=IFERROR(_xlfn.XLOOKUP(C9&A9, RYOE!A:A&RYOE!F:F, RYOE!E:E), "N/A")} -> 34.4
A10: 2025 | B10: Javonte Williams (DAL) | C10: =TRIM(LEFT(B10, LEN(B10) - LEN(TRIM(RIGHT(SUBSTITUTE(TRIM(B10)," ",REPT(" ",100)),100))))) -> Javonte Williams | D10: =MID(B10, FIND("(", B10) + 1, FIND(")", B10) - FIND("(", B10) - 1) -> DAL | E10: 252 | F10: 1201 | G10: 4.8 | H10: 11 | I10: 2 | J10: 16 | K10: {=IFERROR(_xlfn.XLOOKUP(D10&A10, RBWR!A:A&RBWR!C:C, RBWR!B:B), "N/A")} -> 72 | L10: {=IFERROR(_xlfn.XLOOKUP(C10&A10, RYOE!A:A&RYOE!F:F, RYOE!C:C), "N/A")} -> 156 | M10: {=IFERROR(_xlfn.XLOOKUP(C10&A10, RYOE!A:A&RYOE!F:F, RYOE!D:D), "N/A")} -> 0.62 | N10: {=IFERROR(_xlfn.XLOOKUP(C10&A10, RYOE!A:A&RYOE!F:F, RYOE!E:E), "N/A")} -> 45
A11: 2025 | B11: Saquon Barkley (PHI) | C11: =TRIM(LEFT(B11, LEN(B11) - LEN(TRIM(RIGHT(SUBSTITUTE(TRIM(B11)," ",REPT(" ",100)),100))))) -> Saquon Barkley | D11: =MID(B11, FIND("(", B11) + 1, FIND(")", B11) - FIND("(", B11) - 1) -> PHI | E11: 280 | F11: 1140 | G11: 4.1 | H11: 7 | I11: 1 | J11: 16 | K11: {=IFERROR(_xlfn.XLOOKUP(D11&A11, RBWR!A:A&RBWR!C:C, RBWR!B:B), "N/A")} -> 71 | L11: {=IFERROR(_xlfn.XLOOKUP(C11&A11, RYOE!A:A&RYOE!F:F, RYOE!C:C), "N/A")} -> 76 | M11: {=IFERROR(_xlfn.XLOOKUP(C11&A11, RYOE!A:A&RYOE!F:F, RYOE!D:D), "N/A")} -> 0.28 | N11: {=IFERROR(_xlfn.XLOOKUP(C11&A11, RYOE!A:A&RYOE!F:F, RYOE!E:E), "N/A")} -> 38.2
A12: 2025 | B12: Travis Etienne Jr. (JAC) | C12: =TRIM(LEFT(B12, LEN(B12) - LEN(TRIM(RIGHT(SUBSTITUTE(TRIM(B12)," ",REPT(" ",100)),100))))) -> Travis Etienne Jr. | D12: =MID(B12, FIND("(", B12) + 1, FIND(")", B12) - FIND("(", B12) - 1) -> JAC | E12: 260 | F12: 1107 | G12: 4.3 | H12: 7 | I12: 0 | J12: 17 | K12: {=IFERROR(_xlfn.XLOOKUP(D12&A12, RBWR!A:A&RBWR!C:C, RBWR!B:B), "N/A")} -> 73 | L12: {=IFERROR(_xlfn.XLOOKUP(C12&A12, RYOE!A:A&RYOE!F:F, RYOE!C:C), "N/A")} -> 44 | M12: {=IFERROR(_xlfn.XLOOKUP(C12&A12, RYOE!A:A&RYOE!F:F, RYOE!D:D), "N/A")} -> 0.17 | N12: {=IFERROR(_xlfn.XLOOKUP(C12&A12, RYOE!A:A&RYOE!F:F, RYOE!E:E), "N/A")} -> 37.8
A13: 2025 | B13: D'Andre Swift (CHI) | C13: =TRIM(LEFT(B13, LEN(B13) - LEN(TRIM(RIGHT(SUBSTITUTE(TRIM(B13)," ",REPT(" ",100)),100))))) -> D'Andre Swift | D13: =MID(B13, FIND("(", B13) + 1, FIND(")", B13) - FIND("(", B13) - 1) -> CHI | E13: 223 | F13: 1087 | G13: 4.9 | H13: 9 | I13: 2 | J13: 16 | K13: {=IFERROR(_xlfn.XLOOKUP(D13&A13, RBWR!A:A&RBWR!C:C, RBWR!B:B), "N/A")} -> 74 | L13: {=IFERROR(_xlfn.XLOOKUP(C13&A13, RYOE!A:A&RYOE!F:F, RYOE!C:C), "N/A")} -> 128 | M13: {=IFERROR(_xlfn.XLOOKUP(C13&A13, RYOE!A:A&RYOE!F:F, RYOE!D:D), "N/A")} -> 0.58 | N13: {=IFERROR(_xlfn.XLOOKUP(C13&A13, RYOE!A:A&RYOE!F:F, RYOE!E:E), "N/A")} -> 48.6
... A1441: 2018 | B1441: Robert Turbin (IND) | C1441: =TRIM(LEFT(B1441, LEN(B1441) - LEN(TRIM(RIGHT(SUBSTITUTE(TRIM(B1441)," ",REPT(" ",100)),100))))) -> Robert Turbin | D1441: =MID(B1441, FIND("(", B1441) + 1, FIND(")", B1441) - FIND("(", B1441) - 1) -> IND | E1441: 4 | F1441: 10 | G1441: 2.5 | H1441: 0 | I1441: 1 | J1441: 2 | K1441: {=IFERROR(_xlfn.XLOOKUP(D1441&A1441, RBWR!A:A&RBWR!C:C, RBWR!B:B), "N/A")} -> N/A | L1441: {=IFERROR(_xlfn.XLOOKUP(C1441&A1441, RYOE!A:A&RYOE!F:F, RYOE!C:C), "N/A")} -> N/A | M1441: {=IFERROR(_xlfn.XLOOKUP(C1441&A1441, RYOE!A:A&RYOE!F:F, RYOE!D:D), "N/A")} -> N/A | N1441: {=IFERROR(_xlfn.XLOOKUP(C1441&A1441, RYOE!A:A&RYOE!F:F, RYOE!E:E), "N/A")} -> N/A

Sheet RYOE
A1: Player | B1: Tm | C1: RYOE | D1: RYOE/ATT | E1: ROE% | F1: Year
A2: D'Andre Swift | B2: CHI | C2: 128 | D2: 0.58 | E2: 48.6 | F2: 2025
A3: James Cook III | B3: BUF | C3: 358 | D3: 1.17 | E3: 46.9 | F3: 2025
A4: Cam Skattebo | B4: NYG | C4: 43 | D4: 0.43 | E4: 46 | F4: 2025
A5: Chris Rodriguez Jr. | B5: WAS | C5: 78 | D5: 0.7 | E5: 45.5 | F5: 2025
A6: Kyren Williams | B6: LAR | C6: 145 | D6: 0.57 | E6: 45.5 | F6: 2025
A7: Chase Brown | B7: CIN | C7: 78 | D7: 0.34 | E7: 45.3 | F7: 2025
A8: Omarion Hampton | B8: LAC | C8: 82 | D8: 0.66 | E8: 45.2 | F8: 2025
A9: Javonte Williams | B9: DAL | C9: 156 | D9: 0.62 | E9: 45 | F9: 2025
A10: J.K. Dobbins | B10: DEN | C10: 161 | D10: 1.08 | E10: 45 | F10: 2025
A11: Rhamondre Stevenson | B11: NE | C11: 176 | D11: 1.36 | E11: 45 | F11: 2025
A12: Kareem Hunt | B12: KC | C12: 18 | D12: 0.11 | E12: 44.7 | F12: 2025
A13: Jaylen Warren | B13: PIT | C13: 181 | D13: 0.86 | E13: 44.5 | F13: 2025
... A406: Elijah McGuire | B406: NYJ | C406: -45 | D406: -0.5 | E406: 33.3 | F406: 2018

Sheet RBWR
A1: Tm | B1: RBWR | C1: Year
A2: ARI | B2: 71 | C2: 2025
A3: ATL | B3: 70 | C3: 2025
A4: BAL | B4: 71 | C4: 2025
A5: BUF | B5: 75 | C5: 2025
A6: CAR | B6: 70 | C6: 2025
A7: CHI | B7: 74 | C7: 2025
A8: CIN | B8: 72 | C8: 2025
A9: CLE | B9: 70 | C9: 2025
A10: DAL | B10: 72 | C10: 2025
A11: DEN | B11: 74 | C11: 2025
A12: DET | B12: 71 | C12: 2025
A13: GB | B13: 71 | C13: 2025
... A193: WAS | B193: 73 | C193: 2020
